CA20DC06Rosemary BalmXC002105999Rosemary BalmLC003103999Rosemary BalmMC000210299Rosemary Balm
CA20O03Lavender Bud XO001105799Lavender Bud LO000502199Lavender Bud MO001400999Lavender Bud SO010100599Lavender Bud AO002100099
WA3%NC03NightMilk    XC000933599NightMilk    LC005923599NightMilk    MC002915599NightMilk    SC001910599NightMilk    AC010103599
WA30VC02RoseMilk BalmXC022108599RoseMilk BalmLC002105599RoseMilk BalmMC008103599RoseMilk BalmSC002101599RoseMilk BalmAC002500599
WA30VO04Fairy DewDropXO000508599Fairy DewDropLO000205599Fairy DewDropMO012403599Fairy DewDropSO003501599Fairy DewDropAO001500599
